{"cameraMode":{"drawMode":0,"name":"Shaded","section":"Shading Mode"},"sceneLighting":true,"audioPlay":false,"sceneViewState":{"showFog":true,"showMaterialUpdate":false,"showSkybox":false,"showFlares":true,"showImageEffects":true,"showParticleSystems":true},"in2DMode":false,"pivot":{"x":-0.05732369422912598,"y":-0.06809067726135254,"z":-0.6175248026847839},"rotation":{"x":-0.11518263071775437,"y":0.8570084571838379,"z":-0.21820032596588136,"w":-0.452394038438797},"size":0.7499999403953552,"orthographic":false}